0.111837,192.168.50.4,224.0.0.251,5353,5353,90
0.371164,66.22.210.44,192.168.50.90,50020,61938,60
1.373029,66.22.210.44,192.168.50.90,50020,61938,60
1.406245,192.168.50.90,192.168.50.1,53106,53,58
1.410358,192.168.50.1,192.168.50.90,53,53106,178
1.44954,192.168.50.90,192.168.50.1,55554,53,58
1.449947,192.168.50.90,192.168.50.1,59573,53,58
1.451219,192.168.50.1,192.168.50.90,53,55554,181
1.456349,192.168.50.1,192.168.50.90,53,59573,222
2.372072,66.22.210.44,192.168.50.90,50020,61938,80
2.920242,192.168.50.90,66.22.210.44,61938,50020,36
3.329601,192.168.50.90,66.22.210.44,61938,50020,16
3.342906,192.168.50.90,66.22.210.44,61938,50020,68
3.371366,66.22.210.44,192.168.50.90,50020,61938,60
3.40186,66.22.210.44,192.168.50.90,50020,61938,16
4.370892,66.22.210.44,192.168.50.90,50020,61938,60
5.370889,66.22.210.44,192.168.50.90,50020,61938,80
6.087736,192.168.50.90,192.168.50.1,59403,53,45
6.088143,192.168.50.90,192.168.50.1,51836,53,45
6.093346,192.168.50.1,192.168.50.90,53,59403,255
6.094787,192.168.50.1,192.168.50.90,53,51836,311
6.372267,66.22.210.44,192.168.50.90,50020,61938,60
7.380198,66.22.210.44,192.168.50.90,50020,61938,60
8.329841,192.168.50.90,66.22.210.44,61938,50020,16
8.373766,66.22.210.44,192.168.50.90,50020,61938,60
8.401387,66.22.210.44,192.168.50.90,50020,61938,16
9.371862,66.22.210.44,192.168.50.90,50020,61938,60
9.41726,192.168.50.90,66.22.210.44,61938,50020,36
9.712513,192.168.50.90,192.168.50.1,53106,53,60
9.716244,192.168.50.1,192.168.50.90,53,53106,124
10.37222,66.22.210.44,192.168.50.90,50020,61938,60
10.837432,192.168.50.90,66.22.210.44,61938,50020,68
11.37255,66.22.210.44,192.168.50.90,50020,61938,60
11.918726,192.168.50.90,66.22.210.44,61938,50020,36
12.372919,66.22.210.44,192.168.50.90,50020,61938,80
13.331414,192.168.50.90,66.22.210.44,61938,50020,16
13.371816,66.22.210.44,192.168.50.90,50020,61938,60
13.404289,66.22.210.44,192.168.50.90,50020,61938,16
14.37174,66.22.210.44,192.168.50.90,50020,61938,60
15.372432,66.22.210.44,192.168.50.90,50020,61938,60
15.615078,192.168.50.90,66.22.210.44,61938,50020,68
16.371633,66.22.210.44,192.168.50.90,50020,61938,60
17.371797,66.22.210.44,192.168.50.90,50020,61938,60
18.330877,192.168.50.90,66.22.210.44,61938,50020,16
18.371689,66.22.210.44,192.168.50.90,50020,61938,60
18.402234,66.22.210.44,192.168.50.90,50020,61938,16
18.421702,192.168.50.90,66.22.210.44,61938,50020,36
19.372056,66.22.210.44,192.168.50.90,50020,61938,80
19.702816,192.168.50.90,66.22.210.44,61938,50020,68
20.111086,192.168.50.90,192.168.50.1,54910,53,44
20.111354,192.168.50.90,192.168.50.1,54004,53,44
20.121477,192.168.50.1,192.168.50.90,53,54910,140
20.122364,192.168.50.1,192.168.50.90,53,54004,127
20.372381,66.22.210.44,192.168.50.90,50020,61938,60
20.561894,192.168.50.90,192.168.50.1,57230,53,50
20.562225,192.168.50.90,192.168.50.1,58385,53,50
20.562485,192.168.50.90,192.168.50.1,54139,53,39
20.562757,192.168.50.90,192.168.50.1,55638,53,39
20.563002,192.168.50.90,192.168.50.1,55477,53,40
20.563217,192.168.50.90,192.168.50.1,56007,53,40
20.565494,192.168.50.1,192.168.50.90,53,55477,56
20.565934,192.168.50.1,192.168.50.90,53,57230,66
20.566342,192.168.50.1,192.168.50.90,53,58385,110
20.567536,192.168.50.1,192.168.50.90,53,55638,123
20.568339,192.168.50.1,192.168.50.90,53,54139,103
20.568909,192.168.50.1,192.168.50.90,53,56007,65
20.569216,192.168.50.90,142.250.204.36,65315,443,1258
20.569475,192.168.50.90,142.250.204.36,65315,443,1258
20.608226,192.168.50.90,192.168.50.1,56537,53,34
20.608719,192.168.50.90,192.168.50.1,52630,53,34
20.612745,192.168.50.1,192.168.50.90,53,56537,98
20.613525,192.168.50.1,192.168.50.90,53,52630,119
20.623913,192.168.50.90,192.168.50.1,60087,53,41
20.624243,192.168.50.90,192.168.50.1,60779,53,41
20.62818,192.168.50.1,192.168.50.90,53,60087,57
20.628721,192.168.50.1,192.168.50.90,53,60779,101
20.647694,192.168.50.90,192.168.50.1,55162,53,50
20.648198,192.168.50.90,192.168.50.1,58636,53,50
20.663205,192.168.50.1,192.168.50.90,53,55162,66
20.663631,192.168.50.1,192.168.50.90,53,58636,110
20.777939,192.168.50.90,192.168.50.1,62517,53,40
20.779222,192.168.50.90,192.168.50.1,65499,53,40
20.78189,192.168.50.1,192.168.50.90,53,65499,124
20.788362,192.168.50.1,192.168.50.90,53,62517,104
20.869977,192.168.50.90,142.250.204.36,65315,443,1258
20.951344,192.168.50.90,192.168.50.1,57748,53,40
20.951858,192.168.50.90,192.168.50.1,49671,53,40
20.952735,192.168.50.1,192.168.50.90,53,57748,56
20.960152,192.168.50.1,192.168.50.90,53,49671,65
20.988503,192.168.50.90,192.168.50.1,65279,53,49
20.988999,192.168.50.90,192.168.50.1,62475,53,49
20.992611,192.168.50.1,192.168.50.90,53,62475,204
20.994533,192.168.50.1,192.168.50.90,53,65279,245
21.022239,192.168.50.90,192.168.50.1,53698,53,41
21.023203,192.168.50.90,192.168.50.1,61514,53,41
21.024068,192.168.50.1,192.168.50.90,53,53698,57
21.026234,192.168.50.1,192.168.50.90,53,61514,101
21.064818,192.168.50.90,192.168.50.1,56520,53,57
21.065281,192.168.50.90,192.168.50.1,60903,53,57
21.072248,192.168.50.1,192.168.50.90,53,56520,121
21.072969,192.168.50.1,192.168.50.90,53,60903,117
21.073379,192.168.50.90,142.250.196.202,52376,443,1258
21.073679,192.168.50.90,142.250.196.202,52376,443,1258
21.101523,192.168.50.90,192.168.50.1,60156,53,44
21.101795,192.168.50.90,192.168.50.1,56446,53,44
21.106725,192.168.50.1,192.168.50.90,53,60156,172
21.107294,192.168.50.1,192.168.50.90,53,56446,129
21.119496,192.168.50.90,142.250.204.36,60094,443,1258
21.119831,192.168.50.90,142.250.204.36,60094,443,1258
21.128374,192.168.50.90,142.250.198.67,57151,443,1258
21.128692,192.168.50.90,142.250.198.67,57151,443,1258
21.148529,192.168.50.90,192.168.50.1,60046,53,43
21.149047,192.168.50.90,192.168.50.1,51506,53,43
21.152395,192.168.50.1,192.168.50.90,53,60046,59
21.153303,192.168.50.1,192.168.50.90,53,51506,68
21.153853,192.168.50.90,142.250.77.3,53504,443,1258
21.154309,192.168.50.90,142.250.77.3,53504,443,1258
21.371769,66.22.210.44,192.168.50.90,50020,61938,60
21.375297,192.168.50.90,142.250.196.202,52376,443,1258
21.424769,192.168.50.90,142.250.204.36,60094,443,1258
21.438537,192.168.50.90,142.250.198.67,57151,443,1258
21.455205,192.168.50.90,142.250.77.3,53504,443,1258
21.470775,192.168.50.90,142.250.204.36,65315,443,1258
21.663861,192.168.50.90,192.168.50.1,55127,53,56
21.664134,192.168.50.90,192.168.50.1,55456,53,56
21.668185,192.168.50.1,192.168.50.90,53,55127,163
21.669191,192.168.50.1,192.168.50.90,53,55456,182
21.977835,192.168.50.90,142.250.196.202,52376,443,1258
22.040585,192.168.50.90,142.250.204.36,60094,443,1258
22.042574,192.168.50.90,142.250.198.67,57151,443,1258
22.069087,192.168.50.90,142.250.77.3,53504,443,1258
22.371864,66.22.210.44,192.168.50.90,50020,61938,80
22.631972,192.168.50.90,192.168.50.1,53106,53,50
22.633005,192.168.50.1,192.168.50.90,53,53106,66
22.684399,192.168.50.90,142.250.204.36,65315,443,1258
23.191394,192.168.50.90,142.250.196.202,52376,443,1258
23.253902,192.168.50.90,142.250.204.36,60094,443,1258
23.25434,192.168.50.90,142.250.198.67,57151,443,1258
23.285729,192.168.50.90,142.250.77.3,53504,443,1258
23.33146,192.168.50.90,66.22.210.44,61938,50020,16
23.371882,66.22.210.44,192.168.50.90,50020,61938,60
23.407086,66.22.210.44,192.168.50.90,50020,61938,16
23.688855,192.168.50.90,40.81.252.176,52919,3544,69
23.78487,40.81.252.176,192.168.50.90,3544,52919,117
23.975743,192.168.50.90,192.168.50.1,63605,53,61
23.975983,192.168.50.90,192.168.50.1,58017,53,61
23.98199,192.168.50.1,192.168.50.90,53,63605,141
23.982682,192.168.50.1,192.168.50.90,53,58017,118
23.983074,192.168.50.90,192.168.50.1,49329,53,36
23.983457,192.168.50.90,192.168.50.1,63680,53,36
23.985714,192.168.50.1,192.168.50.90,53,49329,52
23.986267,192.168.50.1,192.168.50.90,53,63680,120
23.989882,192.168.50.90,192.168.50.1,50519,53,49
23.990185,192.168.50.90,192.168.50.1,65052,53,49
23.990421,192.168.50.90,192.168.50.1,55625,53,36
23.990648,192.168.50.90,192.168.50.1,54878,53,36
23.993582,192.168.50.1,192.168.50.90,53,50519,84
23.994527,192.168.50.1,192.168.50.90,53,65052,118
23.995611,192.168.50.1,192.168.50.90,53,55625,68
23.996613,192.168.50.1,192.168.50.90,53,54878,96
24.079583,192.168.50.90,66.22.210.44,61938,50020,36
24.373167,66.22.210.44,192.168.50.90,50020,61938,60
24.47222,192.168.50.90,192.168.50.1,52894,53,53
24.47271,192.168.50.90,192.168.50.1,57639,53,53
24.47611,192.168.50.1,192.168.50.90,53,52894,69
24.476796,192.168.50.1,192.168.50.90,53,57639,110
24.480017,192.168.50.90,192.168.50.1,55371,53,49
24.480433,192.168.50.90,192.168.50.1,58732,53,49
24.480861,192.168.50.90,192.168.50.1,60343,53,55
24.481235,192.168.50.90,192.168.50.1,64093,53,55
24.496027,192.168.50.1,192.168.50.90,53,55371,113
24.496801,192.168.50.1,192.168.50.90,53,58732,114
24.497688,192.168.50.1,192.168.50.90,53,60343,119
24.498083,192.168.50.1,192.168.50.90,53,64093,137
24.537762,192.168.50.90,192.168.50.1,61245,53,59
24.538056,192.168.50.90,192.168.50.1,54254,53,59
24.54218,192.168.50.1,192.168.50.90,53,61245,123
24.542601,192.168.50.1,192.168.50.90,53,54254,141
24.56942,192.168.50.90,142.250.204.36,65315,443,1258
24.571517,192.168.50.90,192.168.50.1,51591,53,55
24.571961,192.168.50.90,192.168.50.1,64550,53,55
24.577083,192.168.50.1,192.168.50.90,53,51591,233
24.577812,192.168.50.1,192.168.50.90,53,64550,183
24.993636,192.168.50.90,192.168.50.1,59781,53,57
24.994153,192.168.50.90,192.168.50.1,63046,53,57
25.05621,192.168.50.1,192.168.50.90,53,59781,113
25.057007,192.168.50.1,192.168.50.90,53,63046,181
25.07415,192.168.50.90,142.250.196.202,52376,443,1258
25.120985,192.168.50.90,142.250.204.36,60094,443,1258
25.135252,192.168.50.90,142.250.198.67,57151,443,1258
25.166275,192.168.50.90,142.250.77.3,53504,443,1258
25.182638,192.168.50.90,192.168.50.1,57194,53,57
25.182928,192.168.50.90,192.168.50.1,55164,53,57
25.184004,192.168.50.1,192.168.50.90,53,57194,121
25.186514,192.168.50.1,192.168.50.90,53,55164,114
25.22617,192.168.50.90,192.168.50.1,55461,53,46
25.226486,192.168.50.90,192.168.50.1,54330,53,46
25.229883,192.168.50.1,192.168.50.90,53,55461,95
25.230575,192.168.50.1,192.168.50.90,53,54330,163
25.261949,192.168.50.90,66.22.210.44,61938,50020,68
25.370169,192.168.50.90,142.250.66.74,64637,443,1258
25.370491,192.168.50.90,142.250.66.74,64637,443,1258
25.371677,66.22.210.44,192.168.50.90,50020,61938,60
25.677033,192.168.50.90,142.250.66.74,64637,443,1258
26.280835,192.168.50.90,142.250.66.74,64637,443,1258
26.372146,66.22.210.44,192.168.50.90,50020,61938,60
27.125726,192.168.50.90,66.22.210.44,61938,50020,36
27.346568,192.168.50.90,192.168.50.1,55892,53,40
27.346968,192.168.50.90,192.168.50.1,65446,53,40
27.352467,192.168.50.1,192.168.50.90,53,55892,56
27.353128,192.168.50.1,192.168.50.90,53,65446,105
27.371461,66.22.210.44,192.168.50.90,50020,61938,60
27.492186,192.168.50.90,142.250.66.74,64637,443,1258
28.333458,192.168.50.90,66.22.210.44,61938,50020,16
28.372403,66.22.210.44,192.168.50.90,50020,61938,80
28.405377,66.22.210.44,192.168.50.90,50020,61938,16
28.514526,192.168.50.90,192.168.50.1,51794,53,37
28.515179,192.168.50.90,192.168.50.1,59394,53,37
28.528734,192.168.50.1,192.168.50.90,53,51794,69
28.529134,192.168.50.1,192.168.50.90,53,59394,98
28.942264,192.168.50.90,192.168.50.1,58621,53,43
28.942552,192.168.50.90,192.168.50.1,54560,53,43
28.945792,192.168.50.1,192.168.50.90,53,58621,75
28.946424,192.168.50.1,192.168.50.90,53,54560,105
28.961771,192.168.50.90,192.168.50.1,51414,53,40
28.962084,192.168.50.90,192.168.50.1,56124,53,40
28.968992,192.168.50.1,192.168.50.90,53,51414,72
28.969604,192.168.50.1,192.168.50.90,53,56124,101
29.021449,192.168.50.90,172.64.146.98,55988,443,1258
29.02219,192.168.50.90,172.64.146.98,55988,443,1258
29.058606,192.168.50.90,192.168.50.1,49555,53,51
29.058897,192.168.50.90,192.168.50.1,54468,53,51
29.065429,192.168.50.1,192.168.50.90,53,49555,96
29.066598,192.168.50.1,192.168.50.90,53,54468,137
29.118793,192.168.50.90,192.168.50.1,57158,53,46
29.119131,192.168.50.90,192.168.50.1,54393,53,46
29.129193,192.168.50.1,192.168.50.90,53,57158,62
29.129837,192.168.50.1,192.168.50.90,53,54393,97
29.17342,192.168.50.90,172.64.146.98,56049,443,1258
29.173721,192.168.50.90,172.64.146.98,56049,443,1258
29.300909,192.168.50.90,35.190.80.1,50035,443,1258
29.301375,192.168.50.90,35.190.80.1,50035,443,1258
29.322222,192.168.50.90,192.168.50.1,53106,53,58
29.325671,192.168.50.1,192.168.50.90,53,53106,183
29.333077,192.168.50.90,172.64.146.98,55988,443,1258
29.370972,192.168.50.90,142.250.66.74,64637,443,1258
29.37449,66.22.210.44,192.168.50.90,50020,61938,60
29.474503,192.168.50.90,172.64.146.98,56049,443,1258
29.610901,192.168.50.90,35.190.80.1,50035,443,1258
29.700939,192.168.50.90,192.168.50.1,57241,53,57
29.701732,192.168.50.90,192.168.50.1,58923,53,57
29.704616,192.168.50.1,192.168.50.90,53,57241,121
29.705986,192.168.50.1,192.168.50.90,53,58923,114
29.733672,192.168.50.90,142.250.204.33,54924,443,1258
29.734384,192.168.50.90,142.250.204.33,54924,443,1258
29.940416,192.168.50.90,172.64.146.98,55988,443,1258
30.034077,192.168.50.90,142.250.204.33,54924,443,1258
30.081287,192.168.50.90,172.64.146.98,56049,443,1258
30.094732,192.168.50.90,192.168.50.1,54946,53,50
30.095048,192.168.50.90,192.168.50.1,59346,53,50
30.100063,192.168.50.1,192.168.50.90,53,54946,178
30.100599,192.168.50.1,192.168.50.90,53,59346,128
30.174656,192.168.50.90,192.168.50.1,50161,53,36
30.175046,192.168.50.90,192.168.50.1,54189,53,36
30.175756,192.168.50.90,192.168.50.1,58296,53,42
30.176168,192.168.50.90,192.168.50.1,56996,53,42
30.179467,192.168.50.1,192.168.50.90,53,56996,102
30.181306,192.168.50.1,192.168.50.90,53,58296,74
30.185012,192.168.50.90,192.168.50.1,54242,53,54
30.185591,192.168.50.90,192.168.50.1,55044,53,54
30.189034,192.168.50.1,192.168.50.90,53,54242,102
30.189631,192.168.50.1,192.168.50.90,53,55044,138
30.21134,192.168.50.90,35.190.80.1,50035,443,1258
30.216055,192.168.50.90,192.168.50.1,63946,53,50
30.216466,192.168.50.90,192.168.50.1,54102,53,50
30.221002,192.168.50.1,192.168.50.90,53,54102,131
30.221863,192.168.50.1,192.168.50.90,53,63946,114
30.267164,192.168.50.1,192.168.50.90,53,50161,68
30.311953,192.168.50.90,192.168.50.1,60654,53,44
30.312259,192.168.50.90,192.168.50.1,50329,53,44
30.317398,192.168.50.1,192.168.50.90,53,60654,172
30.3182,192.168.50.1,192.168.50.90,53,50329,122
30.371378,66.22.210.44,192.168.50.90,50020,61938,60
30.583859,192.168.50.1,192.168.50.90,53,54189,107
30.617035,192.168.50.90,192.168.50.1,50511,53,41
30.617639,192.168.50.90,192.168.50.1,64250,53,41
30.618066,192.168.50.90,162.159.153.4,59999,443,1258
30.618436,192.168.50.90,162.159.153.4,59999,443,1258
30.634822,192.168.50.90,142.250.204.33,54924,443,1258
30.648221,192.168.50.1,192.168.50.90,53,64250,101
30.651117,192.168.50.1,192.168.50.90,53,50511,73
30.660525,192.168.50.90,192.168.50.1,63695,53,47
30.660916,192.168.50.90,192.168.50.1,52689,53,47
30.667926,192.168.50.1,192.168.50.90,53,52689,107
30.668823,192.168.50.1,192.168.50.90,53,63695,79
30.710818,192.168.50.90,192.168.50.1,51714,53,55
30.711273,192.168.50.90,192.168.50.1,55848,53,55
30.711679,192.168.50.90,162.159.153.4,57628,443,1258
30.711984,192.168.50.90,162.159.153.4,57628,443,1258
30.724804,192.168.50.90,162.159.153.4,52578,443,1258
30.725331,192.168.50.90,162.159.153.4,52578,443,1258
30.804211,192.168.50.90,192.168.50.1,61501,53,55
30.804566,192.168.50.90,192.168.50.1,61086,53,55
30.808642,192.168.50.1,192.168.50.90,53,61501,87
30.80948,192.168.50.1,192.168.50.90,53,61086,125
30.922827,192.168.50.90,162.159.153.4,59999,443,1258
31.013791,192.168.50.90,162.159.153.4,57628,443,1258
31.028787,192.168.50.90,162.159.153.4,52578,443,1258
31.133373,192.168.50.90,162.159.153.4,62366,443,1258
31.133813,192.168.50.90,162.159.153.4,62366,443,1258
31.146936,192.168.50.90,172.64.146.98,55988,443,1258
31.288853,192.168.50.90,172.64.146.98,56049,443,1258
31.336039,192.168.50.90,162.159.153.4,55328,443,1258
31.336653,192.168.50.90,162.159.153.4,55328,443,1258
31.379222,66.22.210.44,192.168.50.90,50020,61938,80
31.412703,192.168.50.90,35.190.80.1,50035,443,1258
31.423934,192.168.50.90,192.168.50.1,60116,53,39
31.424356,192.168.50.90,192.168.50.1,63485,53,39
31.424706,192.168.50.90,192.168.50.1,59917,53,37
31.425021,192.168.50.90,192.168.50.1,60076,53,37
31.428059,192.168.50.1,192.168.50.90,53,60116,100
31.42904,192.168.50.1,192.168.50.90,53,63485,141
31.434097,192.168.50.90,162.159.153.4,62366,443,1258
31.439651,192.168.50.1,192.168.50.90,53,59917,101
31.440181,192.168.50.1,192.168.50.90,53,60076,94
31.44691,192.168.50.90,192.168.50.1,53317,53,62
31.447943,192.168.50.90,192.168.50.1,62160,53,62
31.449544,192.168.50.90,192.168.50.1,53728,53,57
31.44988,192.168.50.90,192.168.50.1,52492,53,57
31.456034,192.168.50.1,192.168.50.90,53,53728,121
31.457217,192.168.50.1,192.168.50.90,53,53317,111
31.45803,192.168.50.1,192.168.50.90,53,62160,117
31.458731,192.168.50.1,192.168.50.90,53,52492,114
31.526865,192.168.50.90,162.159.153.4,59999,443,1258
31.535399,192.168.50.90,192.168.50.1,59095,53,44
31.535838,192.168.50.90,192.168.50.1,63695,53,44
31.553702,192.168.50.1,192.168.50.90,53,63695,171
31.55883,192.168.50.90,192.168.50.1,58995,53,57
31.559308,192.168.50.90,192.168.50.1,57155,53,57
31.560875,192.168.50.1,192.168.50.90,53,58995,121
31.562339,192.168.50.1,192.168.50.90,53,59095,141
31.564808,192.168.50.1,192.168.50.90,53,57155,114
31.613883,192.168.50.90,162.159.153.4,57628,443,1258
31.628865,192.168.50.90,162.159.153.4,52578,443,1258
31.635809,192.168.50.90,162.159.153.4,55328,443,1258
31.834754,192.168.50.90,142.250.204.33,54924,443,1258
32.038252,192.168.50.90,162.159.153.4,62366,443,1258
32.127612,192.168.50.90,66.22.210.44,61938,50020,36
32.236074,192.168.50.90,162.159.153.4,55328,443,1258
32.371397,66.22.210.44,192.168.50.90,50020,61938,60
32.509106,192.168.50.90,66.22.210.44,61938,50020,68
32.72903,192.168.50.90,162.159.153.4,59999,443,1258
32.814975,192.168.50.90,162.159.153.4,57628,443,1258
32.839114,192.168.50.90,162.159.153.4,52578,443,1258
33.02204,192.168.50.90,172.64.146.98,55988,443,1258
33.110611,192.168.50.90,192.168.50.1,52866,53,54
33.110959,192.168.50.90,192.168.50.1,49767,53,54
33.113055,192.168.50.90,192.168.50.1,64134,53,42
33.11335,192.168.50.90,192.168.50.1,50697,53,42
33.115968,192.168.50.1,192.168.50.90,53,52866,182
33.117326,192.168.50.1,192.168.50.90,53,49767,141
33.120457,192.168.50.1,192.168.50.90,53,64134,170
33.121458,192.168.50.1,192.168.50.90,53,50697,124
33.175885,192.168.50.90,172.64.146.98,56049,443,1258
33.252096,192.168.50.90,162.159.153.4,62366,443,1258
33.306554,192.168.50.90,35.190.80.1,50035,443,1258
33.333726,192.168.50.90,66.22.210.44,61938,50020,16
33.372087,66.22.210.44,192.168.50.90,50020,61938,60
33.405578,66.22.210.44,192.168.50.90,50020,61938,16
33.45084,192.168.50.90,162.159.153.4,55328,443,1258
33.458913,192.168.50.90,192.168.50.1,60177,53,40
33.45923,192.168.50.90,192.168.50.1,62737,53,40
33.463122,192.168.50.1,192.168.50.90,53,60177,116
33.464558,192.168.50.1,192.168.50.90,53,62737,157
33.465057,192.168.50.90,104.21.95.119,59564,443,1258
33.465671,192.168.50.90,104.21.95.119,59564,443,1258
33.735753,192.168.50.90,142.250.204.33,54924,443,1258
33.7742,192.168.50.90,104.21.95.119,59564,443,1258
34.179546,192.168.50.90,104.21.95.119,62075,443,1258
34.180025,192.168.50.90,104.21.95.119,62075,443,1258
34.328701,192.168.50.90,192.168.50.1,50775,53,55
34.329715,192.168.50.90,192.168.50.1,60562,53,55
34.330421,192.168.50.1,192.168.50.90,53,50775,87
34.337366,192.168.50.1,192.168.50.90,53,60562,125
34.33949,192.168.50.90,192.168.50.1,53397,53,38
34.340155,192.168.50.90,192.168.50.1,56204,53,38
34.340733,192.168.50.90,192.168.50.1,61576,53,40
34.341374,192.168.50.90,192.168.50.1,56375,53,40
34.34419,192.168.50.1,192.168.50.90,53,53397,144
34.345068,192.168.50.1,192.168.50.90,53,56204,121
34.34732,192.168.50.1,192.168.50.90,53,61576,203
34.348707,192.168.50.1,192.168.50.90,53,56375,233
34.371991,66.22.210.44,192.168.50.90,50020,61938,60
34.376335,192.168.50.90,104.21.95.119,59564,443,1258
34.484798,192.168.50.90,104.21.95.119,62075,443,1258
34.622753,192.168.50.90,162.159.153.4,59999,443,1258
34.715722,192.168.50.90,162.159.153.4,57628,443,1258
34.728372,192.168.50.90,162.159.153.4,52578,443,1258
34.910203,192.168.50.90,192.168.50.1,64314,53,38
34.910498,192.168.50.90,192.168.50.1,52202,53,38
34.916687,192.168.50.1,192.168.50.90,53,64314,121
34.918584,192.168.50.1,192.168.50.90,53,52202,175
35.087664,192.168.50.90,104.21.95.119,62075,443,1258
35.148398,192.168.50.90,162.159.153.4,62366,443,1258
35.346301,192.168.50.90,162.159.153.4,55328,443,1258
35.371881,66.22.210.44,192.168.50.90,50020,61938,60
35.577334,192.168.50.90,104.21.95.119,59564,443,1258
36.292712,192.168.50.90,104.21.95.119,62075,443,1258
36.371657,66.22.210.44,192.168.50.90,50020,61938,80
36.618688,192.168.50.90,66.22.210.44,61938,50020,68
37.372102,66.22.210.44,192.168.50.90,50020,61938,60
37.480569,192.168.50.90,104.21.95.119,59564,443,1258
37.804359,192.168.50.90,192.168.50.1,52119,53,56
37.80465,192.168.50.90,192.168.50.1,53750,53,56
37.80852,192.168.50.1,192.168.50.90,53,53750,143
37.864538,192.168.50.1,192.168.50.90,53,52119,152
37.96869,192.168.50.90,66.22.210.44,61938,50020,36
38.088848,192.168.50.90,192.168.50.1,55645,53,56
38.089493,192.168.50.90,192.168.50.1,50752,53,56
38.094306,192.168.50.1,192.168.50.90,53,55645,152
38.095197,192.168.50.1,192.168.50.90,53,50752,143
38.191332,192.168.50.90,104.21.95.119,62075,443,1258
38.333809,192.168.50.90,66.22.210.44,61938,50020,16
38.371706,66.22.210.44,192.168.50.90,50020,61938,60
38.404853,66.22.210.44,192.168.50.90,50020,61938,16
38.476784,66.22.210.44,192.168.50.90,50020,61938,144
38.494583,66.22.210.44,192.168.50.90,50020,61938,146
38.517128,66.22.210.44,192.168.50.90,50020,61938,158
38.537186,66.22.210.44,192.168.50.90,50020,61938,175
38.555004,66.22.210.44,192.168.50.90,50020,61938,175
38.576767,66.22.210.44,192.168.50.90,50020,61938,175
38.596772,66.22.210.44,192.168.50.90,50020,61938,162
38.615046,66.22.210.44,192.168.50.90,50020,61938,163
38.639214,66.22.210.44,192.168.50.90,50020,61938,147
38.65723,66.22.210.44,192.168.50.90,50020,61938,155
38.680769,66.22.210.44,192.168.50.90,50020,61938,158
38.69718,66.22.210.44,192.168.50.90,50020,61938,171
38.718465,66.22.210.44,192.168.50.90,50020,61938,173
38.736485,66.22.210.44,192.168.50.90,50020,61938,168
38.756746,66.22.210.44,192.168.50.90,50020,61938,160
38.776808,66.22.210.44,192.168.50.90,50020,61938,146
38.797159,66.22.210.44,192.168.50.90,50020,61938,139
38.817067,66.22.210.44,192.168.50.90,50020,61938,131
38.837712,66.22.210.44,192.168.50.90,50020,61938,129
38.857169,66.22.210.44,192.168.50.90,50020,61938,55
38.87493,66.22.210.44,192.168.50.90,50020,61938,55
38.897126,66.22.210.44,192.168.50.90,50020,61938,55
38.922621,66.22.210.44,192.168.50.90,50020,61938,55
38.936629,66.22.210.44,192.168.50.90,50020,61938,55
38.956661,66.22.210.44,192.168.50.90,50020,61938,55
38.978056,66.22.210.44,192.168.50.90,50020,61938,55
39.005546,66.22.210.44,192.168.50.90,50020,61938,55
39.020027,66.22.210.44,192.168.50.90,50020,61938,55
39.038602,66.22.210.44,192.168.50.90,50020,61938,55
39.371382,66.22.210.44,192.168.50.90,50020,61938,60
39.378172,66.22.210.44,192.168.50.90,50020,61938,111
39.396381,66.22.210.44,192.168.50.90,50020,61938,111
39.416566,66.22.210.44,192.168.50.90,50020,61938,138
39.440943,66.22.210.44,192.168.50.90,50020,61938,184
39.456432,66.22.210.44,192.168.50.90,50020,61938,225
39.477063,66.22.210.44,192.168.50.90,50020,61938,223
39.504803,66.22.210.44,192.168.50.90,50020,61938,187
39.51858,66.22.210.44,192.168.50.90,50020,61938,194
39.535876,66.22.210.44,192.168.50.90,50020,61938,204
39.554449,66.22.210.44,192.168.50.90,50020,61938,199
39.576778,66.22.210.44,192.168.50.90,50020,61938,187
39.595074,66.22.210.44,192.168.50.90,50020,61938,143
39.614454,66.22.210.44,192.168.50.90,50020,61938,128
39.635003,66.22.210.44,192.168.50.90,50020,61938,117
39.656475,66.22.210.44,192.168.50.90,50020,61938,116
39.676622,66.22.210.44,192.168.50.90,50020,61938,116
39.698377,66.22.210.44,192.168.50.90,50020,61938,55
39.716276,66.22.210.44,192.168.50.90,50020,61938,55
39.736361,66.22.210.44,192.168.50.90,50020,61938,55
39.758574,66.22.210.44,192.168.50.90,50020,61938,55
39.776515,66.22.210.44,192.168.50.90,50020,61938,55
39.794764,66.22.210.44,192.168.50.90,50020,61938,55
39.818222,66.22.210.44,192.168.50.90,50020,61938,55
39.836213,66.22.210.44,192.168.50.90,50020,61938,55
39.857029,66.22.210.44,192.168.50.90,50020,61938,55
39.87844,66.22.210.44,192.168.50.90,50020,61938,55
40.376265,66.22.210.44,192.168.50.90,50020,61938,80
41.156666,192.168.50.90,192.168.50.1,53106,53,40
41.162879,192.168.50.1,192.168.50.90,53,53106,228
41.372565,66.22.210.44,192.168.50.90,50020,61938,60
41.506985,192.168.50.90,192.168.50.1,50955,53,50
41.507262,192.168.50.90,192.168.50.1,62342,53,50
41.511432,192.168.50.1,192.168.50.90,53,50955,66
41.511865,192.168.50.1,192.168.50.90,53,62342,155
42.371965,66.22.210.44,192.168.50.90,50020,61938,60
42.737063,192.168.50.90,66.22.210.44,61938,50020,68
42.761809,192.168.50.90,192.168.50.1,53106,53,36
42.762527,192.168.50.1,192.168.50.90,53,53106,52
43.333708,192.168.50.90,66.22.210.44,61938,50020,16
43.37068,66.22.210.44,192.168.50.90,50020,61938,60
43.40551,66.22.210.44,192.168.50.90,50020,61938,16
43.953518,192.168.50.90,66.22.210.44,61938,50020,60
44.172653,192.168.50.90,192.168.50.1,53106,53,46
44.17726,192.168.50.1,192.168.50.90,53,53106,161
44.371036,66.22.210.44,192.168.50.90,50020,61938,60
45.372379,66.22.210.44,192.168.50.90,50020,61938,60
46.371667,66.22.210.44,192.168.50.90,50020,61938,80
47.370995,66.22.210.44,192.168.50.90,50020,61938,60
48.333745,192.168.50.90,66.22.210.44,61938,50020,16
48.370806,66.22.210.44,192.168.50.90,50020,61938,60
48.405776,66.22.210.44,192.168.50.90,50020,61938,16
49.19385,192.168.50.90,66.22.210.44,61938,50020,36
49.371101,66.22.210.44,192.168.50.90,50020,61938,60
49.734752,66.22.210.44,192.168.50.90,50020,61938,188
49.755352,66.22.210.44,192.168.50.90,50020,61938,195
49.776949,66.22.210.44,192.168.50.90,50020,61938,189
49.797716,66.22.210.44,192.168.50.90,50020,61938,185
49.816763,66.22.210.44,192.168.50.90,50020,61938,185
49.836577,66.22.210.44,192.168.50.90,50020,61938,189
49.842319,192.168.50.90,66.22.210.44,61938,50020,68
49.856641,66.22.210.44,192.168.50.90,50020,61938,180
49.87759,66.22.210.44,192.168.50.90,50020,61938,193
49.897172,66.22.210.44,192.168.50.90,50020,61938,192
49.91829,66.22.210.44,192.168.50.90,50020,61938,188
49.936073,66.22.210.44,192.168.50.90,50020,61938,173
49.956577,66.22.210.44,192.168.50.90,50020,61938,164
49.977437,66.22.210.44,192.168.50.90,50020,61938,179
49.996437,66.22.210.44,192.168.50.90,50020,61938,166
50.019352,66.22.210.44,192.168.50.90,50020,61938,174
50.03663,66.22.210.44,192.168.50.90,50020,61938,181
50.05464,66.22.210.44,192.168.50.90,50020,61938,186
50.074783,66.22.210.44,192.168.50.90,50020,61938,171
50.097652,66.22.210.44,192.168.50.90,50020,61938,174
50.116149,66.22.210.44,192.168.50.90,50020,61938,173
50.13779,66.22.210.44,192.168.50.90,50020,61938,183
50.156959,66.22.210.44,192.168.50.90,50020,61938,184
50.176435,66.22.210.44,192.168.50.90,50020,61938,192
50.19636,66.22.210.44,192.168.50.90,50020,61938,178
50.217302,66.22.210.44,192.168.50.90,50020,61938,190
50.237404,66.22.210.44,192.168.50.90,50020,61938,184
50.257016,66.22.210.44,192.168.50.90,50020,61938,171
50.276257,66.22.210.44,192.168.50.90,50020,61938,164
50.29697,66.22.210.44,192.168.50.90,50020,61938,154
50.317032,66.22.210.44,192.168.50.90,50020,61938,142
50.337044,66.22.210.44,192.168.50.90,50020,61938,141
50.356418,66.22.210.44,192.168.50.90,50020,61938,127
50.370459,66.22.210.44,192.168.50.90,50020,61938,60
50.376639,66.22.210.44,192.168.50.90,50020,61938,55
50.394759,66.22.210.44,192.168.50.90,50020,61938,55
50.417203,66.22.210.44,192.168.50.90,50020,61938,55
50.437055,66.22.210.44,192.168.50.90,50020,61938,55
50.457011,66.22.210.44,192.168.50.90,50020,61938,55
50.47699,66.22.210.44,192.168.50.90,50020,61938,55
50.499006,66.22.210.44,192.168.50.90,50020,61938,55
50.516023,66.22.210.44,192.168.50.90,50020,61938,55
50.53624,66.22.210.44,192.168.50.90,50020,61938,55
50.558124,66.22.210.44,192.168.50.90,50020,61938,55
51.32652,192.168.50.90,66.22.210.44,57534,50020,82
51.370593,66.22.210.44,192.168.50.90,50020,61938,60
51.390301,66.22.210.44,192.168.50.90,50020,57534,82
52.37084,66.22.210.44,192.168.50.90,50020,61938,60
52.884096,192.168.50.90,40.81.252.176,52919,3544,69
52.980596,40.81.252.176,192.168.50.90,3544,52919,117
53.336019,192.168.50.90,66.22.210.44,57534,50020,16
53.370741,66.22.210.44,192.168.50.90,50020,61938,80
53.387715,192.168.50.1,239.255.255.250,55243,1900,391
53.388652,192.168.50.1,239.255.255.250,55243,1900,463
53.389386,192.168.50.1,239.255.255.250,55243,1900,400
53.390061,192.168.50.1,239.255.255.250,55243,1900,459
53.390677,192.168.50.1,239.255.255.250,55243,1900,400
53.391255,192.168.50.1,239.255.255.250,55243,1900,439
53.391805,192.168.50.1,239.255.255.250,55243,1900,400
53.392317,192.168.50.1,239.255.255.250,55243,1900,471
53.392951,192.168.50.1,239.255.255.250,55243,1900,453
53.393432,192.168.50.1,239.255.255.250,55243,1900,455
53.39388,192.168.50.1,239.255.255.250,55243,1900,455
53.398449,66.22.210.44,192.168.50.90,50020,57534,16
53.643698,192.168.50.1,239.255.255.250,55243,1900,455
53.644871,192.168.50.1,239.255.255.250,55243,1900,455
53.64553,192.168.50.1,239.255.255.250,55243,1900,453
53.646123,192.168.50.1,239.255.255.250,55243,1900,471
53.646804,192.168.50.1,239.255.255.250,55243,1900,400
53.647302,192.168.50.1,239.255.255.250,55243,1900,439
53.647705,192.168.50.1,239.255.255.250,55243,1900,400
53.648131,192.168.50.1,239.255.255.250,55243,1900,459
53.648481,192.168.50.1,239.255.255.250,55243,1900,400
53.648804,192.168.50.1,239.255.255.250,55243,1900,463
53.649164,192.168.50.1,239.255.255.250,55243,1900,391
53.736385,192.168.50.90,192.168.50.1,53106,53,51
53.740649,192.168.50.1,192.168.50.90,53,53106,158
54.371877,66.22.210.44,192.168.50.90,50020,61938,60
55.152518,192.168.50.90,66.22.210.44,57534,50020,68
55.364109,66.22.210.44,192.168.50.90,50020,57534,60
56.333757,192.168.50.90,66.22.210.44,57534,50020,60
56.363641,66.22.210.44,192.168.50.90,50020,57534,60
57.101988,192.168.50.90,192.168.50.1,56392,53,44
57.102566,192.168.50.90,192.168.50.1,50707,53,44
57.106689,192.168.50.1,192.168.50.90,53,56392,144
57.107294,192.168.50.1,192.168.50.90,53,50707,145
57.363939,66.22.210.44,192.168.50.90,50020,57534,60
57.931631,192.168.50.90,66.22.210.44,57534,50020,68
58.334782,192.168.50.90,66.22.210.44,57534,50020,16
58.364297,66.22.210.44,192.168.50.90,50020,57534,60
58.399778,66.22.210.44,192.168.50.90,50020,57534,16
59.363637,66.22.210.44,192.168.50.90,50020,57534,80
60.363619,66.22.210.44,192.168.50.90,50020,57534,60
61.36395,66.22.210.44,192.168.50.90,50020,57534,60
62.364775,66.22.210.44,192.168.50.90,50020,57534,80
63.074003,192.168.50.90,66.22.210.44,57534,50020,36
63.335341,192.168.50.90,66.22.210.44,57534,50020,16
63.363594,66.22.210.44,192.168.50.90,50020,57534,60
63.39895,66.22.210.44,192.168.50.90,50020,57534,16
64.088693,192.168.50.90,192.168.50.1,57836,53,35
64.089589,192.168.50.90,192.168.50.1,58661,53,35
64.09099,192.168.50.1,192.168.50.90,53,57836,51
64.094664,192.168.50.1,192.168.50.90,53,58661,128
64.095312,192.168.50.90,35.186.247.156,53572,443,1258
64.095817,192.168.50.90,35.186.247.156,53572,443,1258
64.278149,192.168.50.90,35.186.247.156,53572,443,1258
64.363391,66.22.210.44,192.168.50.90,50020,57534,60
64.744225,192.168.50.90,66.22.210.44,57534,50020,68
65.363717,66.22.210.44,192.168.50.90,50020,57534,60
66.363396,66.22.210.44,192.168.50.90,50020,57534,60
67.364457,66.22.210.44,192.168.50.90,50020,57534,60
67.826,192.168.50.90,192.168.50.1,53106,53,46
67.829677,192.168.50.1,192.168.50.90,53,53106,112
68.337233,192.168.50.90,66.22.210.44,57534,50020,16
68.364511,66.22.210.44,192.168.50.90,50020,57534,60
68.366964,192.168.50.90,66.22.210.44,57534,50020,36
68.400547,66.22.210.44,192.168.50.90,50020,57534,16
69.363737,66.22.210.44,192.168.50.90,50020,57534,80
69.742759,192.168.50.90,192.168.50.1,53106,53,60
69.752968,192.168.50.1,192.168.50.90,53,53106,124
70.363971,66.22.210.44,192.168.50.90,50020,57534,60
71.336765,192.168.50.90,66.22.210.44,57534,50020,36
71.364143,66.22.210.44,192.168.50.90,50020,57534,60
71.583916,192.168.50.90,66.22.210.44,57534,50020,68
72.363917,66.22.210.44,192.168.50.90,50020,57534,80
73.336567,192.168.50.90,66.22.210.44,57534,50020,16
73.363166,66.22.210.44,192.168.50.90,50020,57534,60
73.400031,66.22.210.44,192.168.50.90,50020,57534,16
74.081111,192.168.50.90,66.22.210.44,57534,50020,36
74.363294,66.22.210.44,192.168.50.90,50020,57534,60
74.675961,192.168.50.90,192.168.50.1,53106,53,47
74.676411,192.168.50.90,192.168.50.1,53673,53,57
74.680985,192.168.50.1,192.168.50.90,53,53106,153
74.705601,192.168.50.90,192.168.50.1,53106,53,60
74.715905,192.168.50.90,192.168.50.1,53673,53,57
74.720902,192.168.50.1,192.168.50.90,53,53673,164
74.731595,192.168.50.90,192.168.50.1,53106,53,60
74.736159,192.168.50.1,192.168.50.90,53,53106,76
74.927627,192.168.50.90,192.168.50.1,59064,53,58
74.9323,192.168.50.1,192.168.50.90,53,59064,165
75.257483,192.168.50.90,192.168.50.1,59064,53,49
75.260837,192.168.50.1,192.168.50.90,53,59064,65
75.363107,66.22.210.44,192.168.50.90,50020,57534,60
75.384509,192.168.50.90,192.168.50.1,59064,53,53
75.397469,192.168.50.1,192.168.50.90,53,59064,125
75.849909,192.168.50.90,66.22.210.44,57534,50020,68
76.363441,66.22.210.44,192.168.50.90,50020,57534,60
77.36322,66.22.210.44,192.168.50.90,50020,57534,60
77.54056,192.168.50.90,192.168.50.1,59064,53,57
77.572935,192.168.50.1,192.168.50.90,53,59064,163
77.697406,192.168.50.90,192.168.50.1,59064,53,50
77.70175,192.168.50.1,192.168.50.90,53,59064,157
78.338884,192.168.50.90,66.22.210.44,57534,50020,16
78.363176,66.22.210.44,192.168.50.90,50020,57534,80
78.402259,66.22.210.44,192.168.50.90,50020,57534,16
78.421637,192.168.50.90,192.168.50.1,59064,53,43
78.425887,192.168.50.1,192.168.50.90,53,59064,179
78.51215,192.168.50.90,192.168.50.1,59064,53,53
78.51801,192.168.50.1,192.168.50.90,53,59064,160
79.039747,192.168.50.90,66.22.210.44,57534,50020,36
79.364401,66.22.210.44,192.168.50.90,50020,57534,60
80.125088,192.168.50.90,192.168.50.1,59064,53,50
80.126241,192.168.50.90,192.168.50.1,59694,53,49
80.12923,192.168.50.1,192.168.50.90,53,59064,181
80.130545,192.168.50.1,192.168.50.90,53,59694,155
80.244982,192.168.50.90,192.168.50.1,59064,53,58
80.250081,192.168.50.1,192.168.50.90,53,59064,165
80.363567,66.22.210.44,192.168.50.90,50020,57534,60
80.376238,192.168.50.90,192.168.50.1,59694,53,55
80.384379,192.168.50.1,192.168.50.90,53,59694,162
80.681148,192.168.50.90,192.168.50.1,59064,53,52
80.699679,192.168.50.1,192.168.50.90,53,59064,158
80.92177,192.168.50.90,192.168.50.1,59694,53,50
80.924576,192.168.50.1,192.168.50.90,53,59694,157
81.209024,192.168.50.90,40.81.252.176,52919,3544,69
81.214796,192.168.50.90,192.168.50.1,59064,53,53
81.219122,192.168.50.1,192.168.50.90,53,59064,160
81.305906,40.81.252.176,192.168.50.90,3544,52919,117
81.363387,66.22.210.44,192.168.50.90,50020,57534,60
81.718318,192.168.50.90,192.168.50.1,56058,53,60
81.718742,192.168.50.90,192.168.50.1,50419,53,60
81.729308,192.168.50.1,192.168.50.90,53,56058,92
81.731962,192.168.50.1,192.168.50.90,53,50419,119
81.749565,192.168.50.90,192.168.50.1,50422,53,58
81.749855,192.168.50.90,192.168.50.1,51811,53,58
81.754404,192.168.50.1,192.168.50.90,53,51811,145
81.755917,192.168.50.1,192.168.50.90,53,50422,186
82.264825,192.168.50.90,192.168.50.1,59694,53,52
82.269212,192.168.50.1,192.168.50.90,53,59694,158
82.363524,66.22.210.44,192.168.50.90,50020,57534,60
82.497477,192.168.50.90,66.22.210.44,57534,50020,233
82.517402,192.168.50.90,66.22.210.44,57534,50020,225
82.537855,192.168.50.90,66.22.210.44,57534,50020,235
82.558084,192.168.50.90,66.22.210.44,57534,50020,237
82.577467,192.168.50.90,66.22.210.44,57534,50020,229
82.598081,192.168.50.90,66.22.210.44,57534,50020,222
82.617901,192.168.50.90,66.22.210.44,57534,50020,236
82.637583,192.168.50.90,66.22.210.44,57534,50020,220
82.657918,192.168.50.90,66.22.210.44,57534,50020,206
82.677623,192.168.50.90,66.22.210.44,57534,50020,217
82.697289,192.168.50.90,66.22.210.44,57534,50020,222
82.709755,66.22.210.44,192.168.50.90,50020,57534,111
82.718172,192.168.50.90,66.22.210.44,57534,50020,220
82.731708,66.22.210.44,192.168.50.90,50020,57534,111
82.73876,192.168.50.90,66.22.210.44,57534,50020,214
82.751371,66.22.210.44,192.168.50.90,50020,57534,111
82.757974,192.168.50.90,66.22.210.44,57534,50020,205
82.769456,66.22.210.44,192.168.50.90,50020,57534,136
82.77885,192.168.50.90,66.22.210.44,57534,50020,200
82.789583,66.22.210.44,192.168.50.90,50020,57534,181
82.799207,192.168.50.90,66.22.210.44,57534,50020,211
82.811618,66.22.210.44,192.168.50.90,50020,57534,161
82.818353,192.168.50.90,66.22.210.44,57534,50020,223
82.8295,66.22.210.44,192.168.50.90,50020,57534,158
82.837688,192.168.50.90,66.22.210.44,57534,50020,55
82.848914,66.22.210.44,192.168.50.90,50020,57534,134
82.857892,192.168.50.90,66.22.210.44,57534,50020,55
82.868991,66.22.210.44,192.168.50.90,50020,57534,141
82.877666,192.168.50.90,66.22.210.44,57534,50020,55
82.890913,66.22.210.44,192.168.50.90,50020,57534,166
82.897525,192.168.50.90,66.22.210.44,57534,50020,55
82.910877,66.22.210.44,192.168.50.90,50020,57534,175
82.91471,192.168.50.90,66.22.210.44,57534,50020,68
82.917562,192.168.50.90,66.22.210.44,57534,50020,55
82.930589,66.22.210.44,192.168.50.90,50020,57534,153
82.937035,192.168.50.90,66.22.210.44,57534,50020,55
82.950734,66.22.210.44,192.168.50.90,50020,57534,189
82.957857,192.168.50.90,66.22.210.44,57534,50020,55
82.972059,66.22.210.44,192.168.50.90,50020,57534,194
82.977653,192.168.50.90,66.22.210.44,57534,50020,55
82.988733,66.22.210.44,192.168.50.90,50020,57534,191
82.997419,192.168.50.90,66.22.210.44,57534,50020,55
83.011017,66.22.210.44,192.168.50.90,50020,57534,189
83.017498,192.168.50.90,66.22.210.44,57534,50020,55
83.030689,66.22.210.44,192.168.50.90,50020,57534,180
83.050874,66.22.210.44,192.168.50.90,50020,57534,165
83.072773,66.22.210.44,192.168.50.90,50020,57534,135
83.097618,66.22.210.44,192.168.50.90,50020,57534,127
83.110477,66.22.210.44,192.168.50.90,50020,57534,125
83.130561,66.22.210.44,192.168.50.90,50020,57534,127
83.152507,66.22.210.44,192.168.50.90,50020,57534,120
83.170633,66.22.210.44,192.168.50.90,50020,57534,122
83.189011,66.22.210.44,192.168.50.90,50020,57534,55
83.21114,66.22.210.44,192.168.50.90,50020,57534,55
83.229619,66.22.210.44,192.168.50.90,50020,57534,55
83.250434,66.22.210.44,192.168.50.90,50020,57534,55
83.270745,66.22.210.44,192.168.50.90,50020,57534,55
83.289845,66.22.210.44,192.168.50.90,50020,57534,55
83.31348,66.22.210.44,192.168.50.90,50020,57534,55
83.331196,66.22.210.44,192.168.50.90,50020,57534,55
83.338622,192.168.50.90,66.22.210.44,57534,50020,16
83.350374,66.22.210.44,192.168.50.90,50020,57534,55
83.362737,66.22.210.44,192.168.50.90,50020,57534,60
83.370186,66.22.210.44,192.168.50.90,50020,57534,55
83.402211,192.168.50.90,192.168.50.1,59064,53,53
83.402814,66.22.210.44,192.168.50.90,50020,57534,16
83.404559,192.168.50.1,192.168.50.90,53,59064,160
84.366058,66.22.210.44,192.168.50.90,50020,57534,80
85.362915,66.22.210.44,192.168.50.90,50020,57534,60
86.362877,66.22.210.44,192.168.50.90,50020,57534,60
86.485792,192.168.50.90,66.22.210.44,57534,50020,60
86.548623,192.168.50.90,66.22.210.44,57534,50020,68
87.36303,66.22.210.44,192.168.50.90,50020,57534,80
88.340055,192.168.50.90,66.22.210.44,57534,50020,16
88.362665,66.22.210.44,192.168.50.90,50020,57534,60
88.405483,66.22.210.44,192.168.50.90,50020,57534,16
89.363067,66.22.210.44,192.168.50.90,50020,57534,60
90.362712,66.22.210.44,192.168.50.90,50020,57534,60
91.109324,192.168.50.90,66.22.210.44,57534,50020,60
91.362864,66.22.210.44,192.168.50.90,50020,57534,60
91.494341,192.168.50.90,192.168.50.1,59694,53,58
91.498054,192.168.50.1,192.168.50.90,53,59694,155
92.362735,66.22.210.44,192.168.50.90,50020,57534,80
93.340298,192.168.50.90,66.22.210.44,57534,50020,16
93.362338,66.22.210.44,192.168.50.90,50020,57534,60
93.404476,66.22.210.44,192.168.50.90,50020,57534,16
93.490485,192.168.50.90,66.22.210.44,57534,50020,68
94.363111,66.22.210.44,192.168.50.90,50020,57534,60
95.362454,66.22.210.44,192.168.50.90,50020,57534,60
96.364434,66.22.210.44,192.168.50.90,50020,57534,60
97.363067,66.22.210.44,192.168.50.90,50020,57534,60
97.685817,192.168.50.90,66.22.210.44,57534,50020,36
98.340812,192.168.50.90,66.22.210.44,57534,50020,16
98.363276,66.22.210.44,192.168.50.90,50020,57534,60
98.404086,66.22.210.44,192.168.50.90,50020,57534,16
98.663453,192.168.50.90,192.168.50.1,59064,53,42
98.670947,192.168.50.1,192.168.50.90,53,59064,111
99.084469,192.168.50.90,192.168.50.1,61431,53,38
99.085027,192.168.50.90,192.168.50.1,62257,53,38
99.087953,192.168.50.1,192.168.50.90,53,62257,181
99.088782,192.168.50.1,192.168.50.90,53,61431,121
99.1198,192.168.50.90,192.168.50.1,63525,53,46
99.120409,192.168.50.90,192.168.50.1,49159,53,46
99.122756,192.168.50.1,192.168.50.90,53,63525,153
99.125251,192.168.50.1,192.168.50.90,53,49159,176
99.317683,192.168.50.90,192.168.50.1,54283,53,47
99.318142,192.168.50.90,192.168.50.1,60634,53,47
99.322154,192.168.50.90,192.168.50.1,55424,53,46
99.323159,192.168.50.90,192.168.50.1,60332,53,46
99.325253,192.168.50.1,192.168.50.90,53,55424,153
99.326037,192.168.50.1,192.168.50.90,53,60634,132
99.326503,192.168.50.90,192.168.50.1,65100,53,41
99.327095,192.168.50.90,192.168.50.1,52374,53,41
99.328586,192.168.50.1,192.168.50.90,53,54283,111
99.329527,192.168.50.1,192.168.50.90,53,60332,176
99.330363,192.168.50.1,192.168.50.90,53,52374,125
99.34372,192.168.50.90,192.168.50.1,55328,53,47
99.344228,192.168.50.90,192.168.50.1,50491,53,47
99.346737,192.168.50.1,192.168.50.90,53,50491,173
99.363143,66.22.210.44,192.168.50.90,50020,57534,60
99.383864,192.168.50.1,192.168.50.90,53,65100,105
99.400329,192.168.50.1,192.168.50.90,53,55328,153
99.525071,192.168.50.90,66.22.210.44,57534,50020,68
99.742312,192.168.50.90,192.168.50.1,63321,53,46
99.742735,192.168.50.90,192.168.50.1,64193,53,46
99.746546,192.168.50.1,192.168.50.90,53,63321,92
99.747105,192.168.50.1,192.168.50.90,53,64193,133
99.766729,192.168.50.90,192.168.50.1,60870,53,44
99.767204,192.168.50.90,192.168.50.1,52702,53,44
99.770179,192.168.50.1,192.168.50.90,53,60870,60
99.777092,192.168.50.1,192.168.50.90,53,52702,112
99.984936,192.168.50.90,239.255.255.250,56320,3702,664
100.169231,192.168.50.90,239.255.255.250,56320,3702,664
100.362658,66.22.210.44,192.168.50.90,50020,57534,80
100.539959,192.168.50.90,239.255.255.250,56320,3702,664
101.282212,192.168.50.90,239.255.255.250,56320,3702,664
101.363458,66.22.210.44,192.168.50.90,50020,57534,60
101.760143,192.168.50.90,192.168.50.1,59694,53,43
101.765121,192.168.50.1,192.168.50.90,53,59694,150
102.362745,66.22.210.44,192.168.50.90,50020,57534,60
102.732182,192.168.50.90,66.22.210.44,57534,50020,68
102.749387,192.168.50.90,239.255.255.250,56320,3702,664
103.340755,192.168.50.90,66.22.210.44,57534,50020,16
103.362787,66.22.210.44,192.168.50.90,50020,57534,80
103.403946,66.22.210.44,192.168.50.90,50020,57534,16
103.520206,192.168.50.4,224.0.0.251,5353,5353,90
104.362856,66.22.210.44,192.168.50.90,50020,57534,60
104.525747,192.168.50.4,224.0.0.251,5353,5353,90
104.537494,192.168.50.90,192.168.50.1,60025,53,40
104.537881,192.168.50.90,192.168.50.1,64144,53,40
104.539701,192.168.50.1,192.168.50.90,53,60025,56
104.542133,192.168.50.1,192.168.50.90,53,64144,65
104.678366,192.168.50.90,66.22.210.44,57534,50020,36
104.751218,192.168.50.90,239.255.255.250,56320,3702,664
105.362694,66.22.210.44,192.168.50.90,50020,57534,60
106.362697,66.22.210.44,192.168.50.90,50020,57534,60
106.75525,192.168.50.90,239.255.255.250,56320,3702,664
106.843488,192.168.50.90,192.168.50.1,63740,53,42
106.843927,192.168.50.90,192.168.50.1,61450,53,42
106.84748,192.168.50.1,192.168.50.90,53,63740,58
106.848112,192.168.50.1,192.168.50.90,53,61450,125
107.363069,66.22.210.44,192.168.50.90,50020,57534,80
107.547717,192.168.50.90,40.81.252.176,52919,3544,69
107.644585,40.81.252.176,192.168.50.90,3544,52919,117
107.727558,192.168.50.90,66.22.210.44,57534,50020,68
108.34109,192.168.50.90,66.22.210.44,57534,50020,16
108.363143,66.22.210.44,192.168.50.90,50020,57534,60
108.40396,66.22.210.44,192.168.50.90,50020,57534,16
109.36303,66.22.210.44,192.168.50.90,50020,57534,60
110.362522,66.22.210.44,192.168.50.90,50020,57534,60
110.618184,192.168.50.90,66.22.210.44,57534,50020,36
110.657191,192.168.50.90,66.22.210.44,57534,50020,68
111.326002,192.168.50.90,66.22.210.44,61983,50020,82
111.362922,66.22.210.44,192.168.50.90,50020,57534,60
111.382887,66.22.210.44,192.168.50.90,50020,61983,82
112.362916,66.22.210.44,192.168.50.90,50020,57534,60
113.342441,192.168.50.90,66.22.210.44,61983,50020,16
113.363177,66.22.210.44,192.168.50.90,50020,57534,80
113.398138,66.22.210.44,192.168.50.90,50020,61983,16
113.427353,192.168.50.1,239.255.255.250,55243,1900,391
113.427896,192.168.50.1,239.255.255.250,55243,1900,463
113.42833,192.168.50.1,239.255.255.250,55243,1900,400
113.42874,192.168.50.1,239.255.255.250,55243,1900,459
113.429099,192.168.50.1,239.255.255.250,55243,1900,400
113.42948,192.168.50.1,239.255.255.250,55243,1900,439
113.429825,192.168.50.1,239.255.255.250,55243,1900,400
113.430197,192.168.50.1,239.255.255.250,55243,1900,471
113.430554,192.168.50.1,239.255.255.250,55243,1900,453
113.431012,192.168.50.1,239.255.255.250,55243,1900,455
113.431306,192.168.50.1,239.255.255.250,55243,1900,455
113.682995,192.168.50.1,239.255.255.250,55243,1900,455
113.683352,192.168.50.1,239.255.255.250,55243,1900,455
113.683578,192.168.50.1,239.255.255.250,55243,1900,453
113.68379,192.168.50.1,239.255.255.250,55243,1900,471
113.684063,192.168.50.1,239.255.255.250,55243,1900,400
113.684291,192.168.50.1,239.255.255.250,55243,1900,439
113.684639,192.168.50.1,239.255.255.250,55243,1900,400
113.684874,192.168.50.1,239.255.255.250,55243,1900,459
113.685082,192.168.50.1,239.255.255.250,55243,1900,400
113.68531,192.168.50.1,239.255.255.250,55243,1900,463
113.685534,192.168.50.1,239.255.255.250,55243,1900,391
114.346811,192.168.50.90,192.168.50.1,59064,53,49
114.353133,192.168.50.1,192.168.50.90,53,59064,155
114.362556,66.22.210.44,192.168.50.90,50020,57534,60
114.386009,192.168.50.90,192.168.50.1,59694,53,58
114.391466,192.168.50.1,192.168.50.90,53,59694,165
114.435427,192.168.50.90,192.168.50.1,59064,53,59
114.440128,192.168.50.1,192.168.50.90,53,59064,166
114.46672,192.168.50.90,192.168.50.1,59694,53,53
114.467228,192.168.50.90,192.168.50.1,59064,53,52
114.470681,192.168.50.1,192.168.50.90,53,59064,159
114.500319,192.168.50.90,192.168.50.1,59694,53,53
114.504237,192.168.50.1,192.168.50.90,53,59694,125
114.730063,192.168.50.90,66.22.210.44,61983,50020,68
114.747558,192.168.50.90,192.168.50.1,59064,53,58
114.752879,192.168.50.1,192.168.50.90,53,59064,164
115.36291,66.22.210.44,192.168.50.90,50020,61983,60
115.814298,192.168.50.90,192.168.50.1,59064,53,52
115.820459,192.168.50.1,192.168.50.90,53,59064,159
116.110045,192.168.50.90,192.168.50.1,59064,53,57
116.116968,192.168.50.1,192.168.50.90,53,59064,164
116.363481,66.22.210.44,192.168.50.90,50020,61983,80
116.446749,192.168.50.90,66.22.210.44,61983,50020,36
117.362923,66.22.210.44,192.168.50.90,50020,61983,60
118.341877,192.168.50.90,66.22.210.44,61983,50020,16
118.36313,66.22.210.44,192.168.50.90,50020,61983,60
118.398126,66.22.210.44,192.168.50.90,50020,61983,16
119.093043,192.168.50.90,192.168.50.1,56670,53,44
119.09356,192.168.50.90,192.168.50.1,57091,53,44
119.097044,192.168.50.1,192.168.50.90,53,56670,144
119.098628,192.168.50.1,192.168.50.90,53,57091,172
119.362871,66.22.210.44,192.168.50.90,50020,61983,60
119.544097,192.168.50.90,66.22.210.44,61983,50020,36
